{"cameraMode":{"drawMode":0,"name":"Shaded","section":"Shading Mode"},"sceneLighting":false,"audioPlay":false,"sceneViewState":{"showFog":true,"showMaterialUpdate":false,"showSkybox":false,"showFlares":true,"showImageEffects":true,"showParticleSystems":true},"in2DMode":false,"pivot":{"x":-1.6189923286437989,"y":1.9213852882385255,"z":-8.644144058227539},"rotation":{"x":-0.3813244104385376,"y":0.04905041679739952,"z":-0.02026630938053131,"w":-0.9229166507720947},"size":10.0,"orthographic":false}