{"cameraMode":{"drawMode":0,"name":"Shaded","section":"Shading Mode"},"sceneLighting":true,"audioPlay":false,"sceneViewState":{"showFog":false,"showMaterialUpdate":false,"showSkybox":true,"showFlares":false,"showImageEffects":false,"showParticleSystems":false},"in2DMode":false,"pivot":{"x":-14.74096965789795,"y":2.5836808681488039,"z":-18.729902267456056},"rotation":{"x":0.1816677451133728,"y":-0.6573391556739807,"z":0.167022705078125,"w":0.712285041809082},"size":13.022601127624512,"orthographic":false}