{"cameraMode":{"drawMode":0,"name":"Shaded","section":"Shading Mode"},"sceneLighting":true,"audioPlay":false,"sceneViewState":{"showFog":false,"showMaterialUpdate":false,"showSkybox":true,"showFlares":false,"showImageEffects":false,"showParticleSystems":false},"in2DMode":false,"pivot":{"x":-131.13796997070313,"y":-25.660030364990236,"z":117.99156951904297},"rotation":{"x":-0.07320252060890198,"y":0.3947014808654785,"z":-0.031592197716236117,"w":-0.9153950214385986},"size":99.41514587402344,"orthographic":false}