{"cameraMode":{"drawMode":0,"name":"Shaded","section":"Shading Mode"},"sceneLighting":true,"audioPlay":false,"sceneViewState":{"showFog":false,"showMaterialUpdate":false,"showSkybox":true,"showFlares":false,"showImageEffects":false,"showParticleSystems":false},"in2DMode":false,"pivot":{"x":-388.37054443359377,"y":16.8808650970459,"z":-247.78280639648438},"rotation":{"x":0.3210628032684326,"y":-0.6087501645088196,"z":0.29397672414779665,"w":0.6635233759880066},"size":8.620321273803711,"orthographic":false}