{"cameraMode":{"drawMode":0,"name":"Shaded","section":"Shading Mode"},"sceneLighting":true,"audioPlay":false,"sceneViewState":{"showFog":false,"showMaterialUpdate":false,"showSkybox":true,"showFlares":false,"showImageEffects":false,"showParticleSystems":false},"in2DMode":false,"pivot":{"x":0.08760906755924225,"y":2.4197399616241457,"z":12.81264591217041},"rotation":{"x":-0.011690644547343254,"y":-0.0011896302457898856,"z":-0.0000033651663216005547,"w":0.9999790191650391},"size":10.0,"orthographic":false}