{"cameraMode":{"drawMode":0,"name":"Shaded","section":"Shading Mode"},"sceneLighting":false,"audioPlay":false,"sceneViewState":{"showFog":false,"showMaterialUpdate":false,"showSkybox":false,"showFlares":false,"showImageEffects":false,"showParticleSystems":false},"in2DMode":false,"pivot":{"x":-0.16131901741027833,"y":0.793858528137207,"z":-0.2530941367149353},"rotation":{"x":-0.011690644547343254,"y":-0.0011896302457898856,"z":-0.0000033651663216005547,"w":0.9999790191650391},"size":3.0680623054504396,"orthographic":false}