{"cameraMode":{"drawMode":0,"name":"Shaded","section":"Shading Mode"},"sceneLighting":true,"audioPlay":false,"sceneViewState":{"showFog":false,"showMaterialUpdate":false,"showSkybox":true,"showFlares":false,"showImageEffects":false,"showParticleSystems":false},"in2DMode":false,"pivot":{"x":-6.603758811950684,"y":-6.027469635009766,"z":-66.32534790039063},"rotation":{"x":0.0018670582212507725,"y":0.9942477941513062,"z":-0.10810873657464981,"w":0.01716127060353756},"size":26.264999389648439,"orthographic":false}