{"cameraMode":{"drawMode":0,"name":"Shaded","section":"Shading Mode"},"sceneLighting":true,"audioPlay":false,"sceneViewState":{"showFog":false,"showMaterialUpdate":false,"showSkybox":true,"showFlares":false,"showImageEffects":false,"showParticleSystems":false},"in2DMode":false,"pivot":{"x":-4.846270561218262,"y":3.0278148651123049,"z":-12.344344139099121},"rotation":{"x":-0.24510814249515534,"y":-0.30566683411598208,"z":0.08170057833194733,"w":-0.9164947271347046},"size":3.007394790649414,"orthographic":false}