{"cameraMode":{"drawMode":0,"name":"Shaded","section":"Shading Mode"},"sceneLighting":false,"audioPlay":false,"sceneViewState":{"showFog":false,"showMaterialUpdate":false,"showSkybox":false,"showFlares":false,"showImageEffects":false,"showParticleSystems":false},"in2DMode":false,"pivot":{"x":-0.0000015497207641601563,"y":0.9376455545425415,"z":0.10787391662597656},"rotation":{"x":-0.3117435872554779,"y":-0.08481209725141525,"z":0.027940621599555017,"w":-0.9460645318031311},"size":2.4375200271606447,"orthographic":false}