{"cameraMode":{"drawMode":0,"name":"Shaded","section":"Shading Mode"},"sceneLighting":false,"audioPlay":false,"sceneViewState":{"showFog":false,"showMaterialUpdate":false,"showSkybox":false,"showFlares":false,"showImageEffects":false,"showParticleSystems":false},"in2DMode":false,"pivot":{"x":-19.037691116333009,"y":20.366378784179689,"z":6.036838054656982},"rotation":{"x":0.08433495461940766,"y":-0.18434558808803559,"z":0.015363800339400769,"w":0.9793224930763245},"size":17.510072708129884,"orthographic":false}