{"cameraMode":{"drawMode":0,"name":"Shaded","section":"Shading Mode"},"sceneLighting":false,"audioPlay":false,"sceneViewState":{"showFog":false,"showMaterialUpdate":false,"showSkybox":false,"showFlares":false,"showImageEffects":false,"showParticleSystems":false},"in2DMode":false,"pivot":{"x":0.000009417533874511719,"y":0.8249520063400269,"z":0.43040966987609866},"rotation":{"x":-0.3117435872554779,"y":-0.08481209725141525,"z":0.027940621599555017,"w":-0.9460645318031311},"size":2.5655224323272707,"orthographic":false}