{"cameraMode":{"drawMode":0,"name":"Shaded","section":"Shading Mode"},"sceneLighting":false,"audioPlay":false,"sceneViewState":{"showFog":false,"showMaterialUpdate":false,"showSkybox":false,"showFlares":false,"showImageEffects":false,"showParticleSystems":false},"in2DMode":false,"pivot":{"x":-0.0010555386543273926,"y":0.9786655306816101,"z":0.015445828437805176},"rotation":{"x":-0.3117435872554779,"y":-0.08481209725141525,"z":0.027940621599555017,"w":-0.9460645318031311},"size":2.3780324459075929,"orthographic":false}