{"cameraMode":{"drawMode":0,"name":"Shaded","section":"Shading Mode"},"sceneLighting":true,"audioPlay":false,"sceneViewState":{"showFog":false,"showMaterialUpdate":false,"showSkybox":true,"showFlares":false,"showImageEffects":false,"showParticleSystems":false},"in2DMode":false,"pivot":{"x":305.1336669921875,"y":214.2698974609375,"z":-90.68170166015625},"rotation":{"x":0.05313807725906372,"y":0.26835376024246218,"z":0.014824770390987397,"w":-0.961860179901123},"size":87.4986572265625,"orthographic":false}