{"cameraMode":{"drawMode":0,"name":"Shaded","section":"Shading Mode"},"sceneLighting":true,"audioPlay":false,"sceneViewState":{"showFog":false,"showMaterialUpdate":false,"showSkybox":true,"showFlares":false,"showImageEffects":false,"showParticleSystems":false},"in2DMode":false,"pivot":{"x":-0.2865273952484131,"y":-5.980954647064209,"z":-3.4680566787719728},"rotation":{"x":-0.43994471430778506,"y":-0.16223224997520448,"z":0.08114761114120484,"w":-0.8795326948165894},"size":8.457939147949219,"orthographic":false}