{"cameraMode":{"drawMode":0,"name":"Shaded","section":"Shading Mode"},"sceneLighting":false,"audioPlay":false,"sceneViewState":{"showFog":false,"showMaterialUpdate":false,"showSkybox":false,"showFlares":false,"showImageEffects":false,"showParticleSystems":false},"in2DMode":false,"pivot":{"x":0.21250057220458985,"y":11.230030059814454,"z":-3.408313751220703},"rotation":{"x":0.20430563390254975,"y":-0.03242233395576477,"z":0.00625448115170002,"w":0.9785560369491577},"size":17.042400360107423,"orthographic":false}