{"cameraMode":{"drawMode":0,"name":"Shaded","section":"Shading Mode"},"sceneLighting":true,"audioPlay":false,"sceneViewState":{"showFog":false,"showMaterialUpdate":false,"showSkybox":true,"showFlares":false,"showImageEffects":false,"showParticleSystems":false},"in2DMode":false,"pivot":{"x":-15.704206466674805,"y":7.2165985107421879,"z":0.649333655834198},"rotation":{"x":0.43444395065307619,"y":-0.5558717250823975,"z":0.4264526963233948,"w":0.566509485244751},"size":27.419687271118165,"orthographic":false}