{"cameraMode":{"drawMode":0,"name":"Shaded","section":"Shading Mode"},"sceneLighting":true,"audioPlay":false,"sceneViewState":{"showFog":false,"showMaterialUpdate":false,"showSkybox":true,"showFlares":false,"showImageEffects":false,"showParticleSystems":false},"in2DMode":false,"pivot":{"x":482.2654113769531,"y":268.50286865234377,"z":-43.30738067626953},"rotation":{"x":0.3247506022453308,"y":-0.2959859073162079,"z":-0.1077999472618103,"w":-0.8919293880462647},"size":87.4986572265625,"orthographic":false}