{"cameraMode":{"drawMode":0,"name":"Shaded","section":"Shading Mode"},"sceneLighting":true,"audioPlay":false,"sceneViewState":{"showFog":false,"showMaterialUpdate":false,"showSkybox":true,"showFlares":false,"showImageEffects":false,"showParticleSystems":false},"in2DMode":false,"pivot":{"x":0.6117966771125794,"y":1.0148143768310547,"z":0.866499125957489},"rotation":{"x":-0.156428262591362,"y":0.09525029361248017,"z":-0.015171009115874768,"w":-0.9830132126808167},"size":8.457939147949219,"orthographic":false}