{"cameraMode":{"drawMode":0,"name":"Shaded","section":"Shading Mode"},"sceneLighting":false,"audioPlay":false,"sceneViewState":{"showFog":false,"showMaterialUpdate":false,"showSkybox":false,"showFlares":false,"showImageEffects":false,"showParticleSystems":false},"in2DMode":false,"pivot":{"x":0.0006192326545715332,"y":0.21375279128551484,"z":-0.10056491196155548},"rotation":{"x":-0.3117435872554779,"y":-0.08481209725141525,"z":0.027940621599555017,"w":-0.9460645318031311},"size":3.30863881111145,"orthographic":false}