{"cameraMode":{"drawMode":0,"name":"Shaded","section":"Shading Mode"},"sceneLighting":true,"audioPlay":false,"sceneViewState":{"showFog":false,"showMaterialUpdate":false,"showSkybox":true,"showFlares":false,"showImageEffects":false,"showParticleSystems":false},"in2DMode":false,"pivot":{"x":-432.6976318359375,"y":2.8624486923217775,"z":-273.1820373535156},"rotation":{"x":0.19443631172180177,"y":-0.6442860960960388,"z":0.17457449436187745,"w":0.719107985496521},"size":7.363300323486328,"orthographic":false}