{"cameraMode":{"drawMode":0,"name":"Shaded","section":"Shading Mode"},"sceneLighting":false,"audioPlay":false,"sceneViewState":{"showFog":false,"showMaterialUpdate":false,"showSkybox":false,"showFlares":false,"showImageEffects":false,"showParticleSystems":false},"in2DMode":false,"pivot":{"x":-0.0068062543869018559,"y":0.980556309223175,"z":-1.7142807245254517},"rotation":{"x":-0.3117435872554779,"y":-0.08481209725141525,"z":0.027940621599555017,"w":-0.9460645318031311},"size":4.829357147216797,"orthographic":false}