{"cameraMode":{"drawMode":0,"name":"Shaded","section":"Shading Mode"},"sceneLighting":true,"audioPlay":false,"sceneViewState":{"showFog":false,"showMaterialUpdate":false,"showSkybox":false,"showFlares":false,"showImageEffects":false,"showParticleSystems":false},"in2DMode":false,"pivot":{"x":-0.015035629272460938,"y":2.244739532470703,"z":0.013158798217773438},"rotation":{"x":0.2641443610191345,"y":-0.24181491136550904,"z":0.06848303973674774,"w":0.9314422011375427},"size":36.37306594848633,"orthographic":false}